Country,% HARD COAL PRODUCTION WITH PLUME
South Africa,6.708513142408788
United States,7.725121797710903
China,9.744656285721932
Australia,20.106273888319194
Russia,22.87694974003466
Mexico,25.64102564102564
Canada,31.402439024390244
Poland,31.548893647394717
Kazakhstan,34.778450749123365
Ukraine,61.1633875106929
Mozambique,78.18052594171996
Botswana,80.0
Colombia,87.9287155346335
World,10.660548576199592
