COUNTRY,% HARD COAL PRODUCTION WITH PLUME
India,0.1611130065582471
South Africa,4.513138635254757
United States,9.131778033033628
China,16.563146997929607
Australia,17.9250279526864
Russia,22.890653497572885
Mexico,25.787401574803148
Kazakhstan,37.1499333206325
Canada,42.139454309224774
Ukraine,46.126984126984134
Poland,46.600537301095265
Botswana,70.0
Mozambique,78.18052594171996
Colombia,91.4621982844604
WORLD,12.062788952629923
