COUNTRY,percentage non-lignite mines detected
Australia,9.708737864077671
Botswana,25.0
Canada,6.818181818181819
China,6.067316209034543
Colombia,21.428571428571427
India,0.8547008547008547
Iran,16.666666666666664
Kazakhstan,25.0
Mexico,20.0
Mozambique,10.0
Poland,36.36363636363637
Russia,12.217194570135748
South Africa,1.4598540145985401
Ukraine,13.953488372093023
United States,6.017191977077363
Uzbekistan,24.999999999999996
