COUNTRY,% HARD COAL PRODUCTION WITH PLUME
Colombia,91.4621982844604
Mozambique,78.18052594171996
Botswana,70.0
Poland,46.600537301095265
Ukraine,46.126984126984134
Canada,42.139454309224774
Kazakhstan,37.1499333206325
Mexico,25.787401574803148
Russia,22.890653497572885
Australia,17.9250279526864
China,16.563146997929607
United States,9.131778033033628
South Africa,4.513138635254757
India,0.1611130065582471
